506351556,ixwm
820510101,alcawf
815220830,lmqa
467535963,keckby
121101313,qojee
69822261,ymziqo
1178936656,omhlgx
1118626139,ydbg
213052835,ndchn
215396336,soqe
355618128,dnzlsr
281360381,ifuf
158397499,kbqv
1104293644,syctrg
177762080,sjyox
83845116,pdihbg
513220767,yhrtyh
670938843,vecn
24869446,iwwr
482422948,focm
864762662,clqi
1075439372,yzubwy
1154857204,wkjq
32384876,ietax
895988986,mderg
639804819,tkcv
152786583,uhbjv
548874578,nceiet
1117881459,ngszfg
1090874566,jnmgj
618928346,kczmky
1185011422,oufus
284317120,wciqg
416019083,nuyj
1029213057,nflay
1063347037,adle
707113223,ysoy
422668841,hdhjdz
926786201,fcec
893430614,ynur
1001147781,erejex
812127437,ztdytd
355785199,ebgrv
1100737991,lmmrw
1012562806,eqihr
764973131,wjsjlu
515706095,gdigs
965182548,ylkvmf
692296690,lflmos
971570953,dzht
151359513,hycoz
837030461,cudj
669175173,zdft
42762309,uoaquh
200296972,hnmj
639282517,opyosc
363568115,nywg
1110335550,whdxph
20777396,gvte
1038813137,vteeb
181231986,yxigv
537172417,bzva
768854909,wzjoe
304333129,mpyn
280249418,ugyitf
421889438,vgpzjy
467320100,wxyryz
741928716,ihqx
225547657,yxox
1089618894,gusr
422954162,ioixcn
578310137,rsay
346311150,dmens
792438180,hanl
23366867,ulfuh
1198569249,zpsc
308647911,gihjmg
699442631,alqj
99754472,hpml
1084322369,ysbfuh
130249536,wepc
43992971,esmzc
781568764,ydzv
247001715,zhgmk
434430160,bzsv
1007438726,vrnm
1073394155,vqpag
907873772,xklwd
340311972,zgbl
584370443,gwpj
48529743,fdtr
941928885,yevfr
1025692715,nnrb
331262133,nwhtkz
680987247,ghgwwa
682659540,uqqfh
719611204,benl
495737635,ihpj
948545259,odev
1178423572,ssrpp
145156278,hbsrih
1005901734,ingdf
711263000,pxwwzg
1168772620,izof
1093173343,wxzqps
636299749,jcdz
324796247,ybycmm
348530346,wcmsli
87506185,jqglqg
294207616,ntcibm
1023985510,isjaoc
1102113661,auff
68350608,sgmpg
13278459,auzz
1064212576,eotwdt
161119364,turen
256052329,lncwc
600167129,oqzd
191042196,vbnkg
95745141,ywuldu
140255778,sczq
1171311388,ruiq
437235059,mtumm
77335801,wlfih
490819902,mbhrf
658752345,lctryq
29758565,udebu
208872528,sjfw
1071717185,dmtj
215166406,wsdxk
1172142597,bkey
599744843,vuni
673138693,wyaa
353288498,eusgt
818184959,hepy
1187401924,gdtq
35136313,rbrcya
283186699,tunb
530157989,ysdbza
431513033,balz
981942692,gyzyur
164918623,tapq
985594148,xcpvib
932205047,eiewy
775819055,hfifj
227437847,rwsudy
420911252,wrzaqr
832266344,xsiyyr
991375300,eeorqx
1026622122,tmuufs
817164504,tkjphy
1026565053,iyisf
836095719,elni
872568209,ptoao
759548542,axhygx
1049799301,pgaf
166808467,qiugo
485929853,bofe
124633722,syuj
144044969,tqvxy
843516244,cmomqj
1011507763,tccog
263981915,nzuz
736478237,figdl
301146314,bflnya
364496768,ltmq
66445443,ekcup
765382666,bcole
73667243,vpiix
252773785,qsyktm
1063149624,tkixo
515924373,adpjda
263689274,ulalt
401154446,clnsh
296401173,xrgui
1057159088,nyjfq
271711974,owbe
1179533687,oilqx
406686463,rqtf
783399114,gnvwt
389486128,rdudj
114316036,ammr
726269562,idiedq
862220507,cuojk
233235744,lxtm
857454916,xhdld
775400938,sremc
1080002062,vcdjmj
1039050236,vtsuja
649694667,wcan
946976850,pbqmkt
9826446,lfbwd
847320181,dkrq
975442579,hbgj
188797120,ralezg
724304428,ndrvgr
637638548,pjabh
581977412,nbnqpy
172886540,qiewye
418005620,ndsnp
712871860,ucuiod
473500985,vtry
554297795,wlej
1184212591,ugyv
770832860,qozda
47249310,tmcd
625482338,hqtud
896320757,tvzmwh
995603418,uqyy
599189280,tzwpqr
342975950,lqqgci
268077912,ozyk
1039839607,gzkw
1189979492,slle
628546385,hcxzlf
238796850,qhdy
604362254,nwwqf
353362574,mcpkrv
57102314,dafsf
558986088,ygim
630378442,blenr
681330373,ebtjn
51328823,ebteb
335670838,pbucxc
269666206,owpaeo
123687130,tpbgm
423591133,dmhj
1145323796,gfguuq
710078704,gvrg
1124024796,hdffkz
1023098637,hjaac
640966913,lljks
920406852,yjclj
98489221,ntvlu
460873176,oyzp
919671166,aiyvby
152194526,mvjwz
1184199531,shrp
864169928,whylqr
1152296703,cjje
880027879,reghr
36318140,sispk
496955497,eszyp
297342810,plkx
873137473,okqs
343534284,usegif
846853345,qldmue
948970250,juzjii
66309639,evhs
1199989044,tfoq
933523832,aytwd
814364702,zmymy
346257943,yehjwv
721400401,azaym
599929709,mwqihm
982724575,crejur
160478475,wgzhc
322399697,vkrgg
282843221,pxxuv
326232457,vbsc
1149377018,bczthg
124912173,riqn
851746477,rahffz
296850755,nipq
52282879,bqyjmu
312890246,yyfrx
219760896,rsgdh
456675675,aidxe
809968200,gmelgj
856194051,faulo
56328124,vsxsb
961502632,sxwq
908235354,igzn
575766691,halgv
1068049958,llud
429615731,mxji
1019878174,wlcol
426144079,nzjpz
1091695417,txnx
761331738,avnk
110993620,qnuoa
276830801,tmbtuo
888949096,vtyepm
479121470,ivrb
1120673940,wqnvp
715679324,muvaig
678683884,iahj
1111239064,xeptqo
94938178,tvhaa
1121249294,todufm
1024544572,yweh
697352009,pqstw
275647168,bjqd
561208793,gqckl
1072182402,vmkdb
898473074,uakd
912491735,gmohg
912782561,rijb
936019223,jubb
1115244066,qtmz
542796972,ojvat
119182430,eejxpn
997546473,ganhpe
487405366,jroaqs
959148546,urbvi
695156581,bjvnjt
716404037,awqvbd
776499304,jamyu
914976587,tmfk
625059889,desd
356258359,fgxvu
1089358940,iphx
1159912403,dftg
429682121,undj
130839891,ozmc
60587895,pptca
246414847,evauk
314164599,uvilmd
851896872,inqpr
230088724,ilixfb
48803077,jcdap
1181635407,tkxzn
158666811,wzmnv
1146585707,kbkdnp
954282823,lrmv
334863127,xnofzh
878681974,igjfc
997371391,yxrr
59335871,krjyl
1043488079,ssalpz
426758125,dzua
778880667,hmqky
429319960,dbttj
475252567,hdrhs
1013740525,gvop
571930529,zpsi
871743989,dsngej
1102531086,wvlir
522257301,qlnz
453922205,aelkdz
785277863,wkbjib
426188186,vnyt
460351362,fqfe
58879768,dkcts
929330020,xaaj
574522144,zckqgk
144715727,xhuhr
746375261,nuzkfw
589726565,uhqi
748588,rhwdl
693360844,jlkn
849422544,vodnb
300608225,rdgtp
519019892,nnss
1104758568,quhcgz
598370504,bqfd
667388111,ciruto
753700319,gsfedp
333604236,karts
1185623992,lheggu
975462999,adyq
1093977134,fjzo
882739595,wqjcn
470165943,ivpsw
1102143639,hjunl
232593035,czly
683142304,lhvt
278463915,ehynd
33050465,hile
387385260,hfns
173934556,hvnuau
791732112,ptye
661812372,lnzdq
589032561,ldnbb
446480266,yukbpu
1068767293,ajuvx
852616289,zxdso
151096579,rqmeu
599400685,dpiwx
552686875,bwdv
794914100,ngny
1196733191,uphd
140219881,sawkp
53832005,dqsd
736984183,borfw
847128538,kksv
1064964946,dmpqld
438566903,sszvgu
37717989,kwzbdi
833130189,tzlo
598929201,erhgbs
573721058,fjgv
819945557,ckdzsl
548958377,emafzm
368561116,zkbc
87086861,xhjen
1055335660,uxobbp
386637159,ooexw
298686234,chtbj
885198887,duek
920149669,ddpiy
465095687,zwazfg
1167658372,ifgx
425189772,uaiv
879784181,bdoh
535619561,lzaqo
1089929366,sditd
1124203694,fslmmr
664320265,wesmt
796031101,weddy
26422546,xjynv
606279434,nuntk
456622448,lorq
152379678,lwlro
706481123,rvdp
1184074251,nttlm
693758917,chsa
25442741,ryoqqk
154663679,kjkczo
916975523,aypp
878321565,rfpum
997682640,lsfktx
313495005,lezq
159415780,ymrxjl
147963762,lsbbp
460616658,ftxip
759813397,tiqhwk
1061356560,ufupxr
868876198,zbcuhr
755017432,xdno
1010901061,qlrj
981929429,hdipmj
418374675,zjhtvp
555219678,gptc
378671061,ftqwf
1131488335,zhyztw
131537347,wvtbzu
301307421,cchho
619960239,wbjlb
1066436837,ckxuhs
232947269,asicg
1020758050,fvdzc
268173390,axkwmd
859458185,nkpat
468775347,mjoxao
1139502643,wmuh
811545835,pqpy
898296819,udxa
483959036,lzmiab
1022046433,hkaeh
1097818495,gidly
484699794,ktouy
709753962,fwntt
518701592,lqre
382788815,wlll
997587723,azrb
66538339,pgwoc
204746627,peopaq
490431454,izbqnw
936641306,xoct
324950840,chby
317943867,sljcsd
200295841,ginlwn
112595368,qezkt
618012456,ftpoc
670678068,efifbd
530434249,ogxe
621891804,nidfze
179064506,ydkaf
261694753,pivdlz
271620838,vjec
655476172,dgrk
221590191,nuny
616218357,tyqee
1120404817,xgrp
395255206,thwwy
551375332,fjbh
958495501,eoltcg
404928483,klwr
399126479,jtyjh
961308683,pyxc
502725329,nbzwxl
1069413245,blimat
703034320,snsx
680473981,dpce
358816383,aejdm
120568828,ecoee
772260021,ytck
477912258,wrmcpe
607615291,ehuc
59299032,ahehs
383710488,dqgy
973066293,jucj
551835960,xifbiq
488317886,umgu
886577897,ydkgvb
859072674,dupsat
713992625,jvkk
479100041,kham
1084659577,fngwu
271585985,xjzvox
1135165779,yogys
180221952,eopeq
242242474,uewrh
1101624716,iilc
1071479916,fdiljw
727172304,aojr
404975627,jipy
291974538,grksj
643294073,wkeudt
703183000,qlny
1156018430,atzqa
572682632,dair
1134294634,emtq
213104685,lltz
1022415038,xadp
154906571,yqwvv
1142231656,sbenn
162351424,izfh
481817435,bluv
293514437,bino
630697334,ebsy
552158574,xuee
867291652,zczcdw
839683569,stooe
439819153,afzjui
124421848,fcejbl
1077604883,yzvm
111308511,icglf
253922335,snyy
777424152,xeieh
633566287,njkoud
1183598033,wrcgsv
1032605408,yeag
125669215,nblw
335341993,lxgkaq
1033865384,yillj
88774997,yplviu
867598313,kqtrev
753439037,ebbjl
245412049,uoftcd
250782192,ojsa
30380168,izhub
19858026,eznzr
994644645,jalv
556722991,thrt
109181493,fklguq
532123373,apupyg
342556684,qrtmn
834671453,mbjt
117967692,rwitte
508948383,xssdhg
19968416,vgjsmd
598517224,itjdp
117388045,geaagj
660405599,ufnhvr
828930806,jabrt
461776975,cshomw
210886155,wfpczh
376655692,juskms
213724133,rcypjw
175468901,rolul
590182018,xykzra
540646140,jwjitt
709611618,ysnk
408470182,csyxbo
744933263,zdiom
612309264,xxdtmf
325122195,vniau
568090438,blgoj
775376214,soekp
986032920,iexg
674256716,ckne
1137746240,dbvklw
377847527,waeq
1004265881,oqyl
686311287,kfapm
1143631444,wmrqd
496183800,isxco
519048980,amxkpd
721255568,nvgb
256574587,bkmn
613044819,rjyk
615577698,majra
277745535,txpuq
896069020,vnhwm
858432407,skjzz
931032367,mvks
655846064,gcnxn
791883642,sggf
1159605184,cpatyx
456067527,tgvov
208160688,yiieq
1189492684,gestm
859958167,zprx
1167895817,kdard
36131169,dsctk
673349942,ejau
556912509,vvwqyb
816943706,lzsp
309159284,tszymj
641939557,gsyh
91363278,pkpnrc
400818061,jwza
428233551,ovzoq
1044685707,uqvjsj
868051230,dewut
534882657,gexjbe
1038151452,mzrjw
280287361,iehisd
400294227,ctce
830149909,bdtf
1012222144,dnho
1119474708,hntqqp
77576777,bxthx
781598168,mgep
641798492,abkbb
491135094,lsru
1052486810,efwcv
983789856,cyinsh
459476226,lumu
789841256,mxtjzv
547338085,sbkmd
163901195,qbyhph
653230980,tgjj
200549280,vhcl
426680833,muejwv
874204979,xrunf
232259110,qnvxn
201586607,taucq
64130713,jncmy
686629068,nowia
238514848,uzpond
152594945,bbqt
879478115,jyxjp
682151221,ynltrx
777578476,twmk
376090889,hjique
898674571,mxnt
95084233,wmsk
1067568669,bwutj
33539143,sddua
18122229,dwstgo
801681549,ycbh
608881588,ynbr
111993294,kfgbu
82647026,wdvsaz
18205251,aofh
887331943,pyuvfo
572330025,oxamg
661255299,uicnuz
845920069,kmzr
306385173,zfivb
340226169,efeh
814247126,tqgp
303234830,slul
629000611,jrhk
779589683,gwak
711962422,aucnm
1062598973,caabo
525262317,mwoi
148131700,ajbk
76567032,wcbpov
4153758,glpy
943071651,dfjmg
839483390,iwuwp
1018866058,kvhkx
256149865,adfi
703900520,cygys
1163148855,bbelau
53625288,baqfil
404940289,sxbjs
63045275,ghskyi
333691450,ktixa
1163433926,xitx
960191445,mouxv
792857211,mjnb
655995346,afna
564061137,zpunt
193455124,auwnp
618368864,vrdjpg
770757417,json
163991610,xjzw
97277693,hcnfn
744798239,qzkkw
804065061,uwqwbr
160698669,bqzkl
1064306865,ukbimq
231137698,cqonw
1175617820,khtczt
277006399,tjwbvp
1145216163,hgdlad
1056656374,etyt
13550408,fcyam
44119558,okgwa
644826021,eeshed
681664799,knhcq
279632610,pxhx
1000962702,apcn
770079487,rflaku
223923106,ktaxmq
556897265,qbuj
117427017,rbnv
947727134,vflh
1118922783,gfjbn
445172499,vhem
277065334,lvji
489390451,qpajh
1174385449,ksrqgs
90993234,ijoa
305991602,cwjzw
802020434,ktdma
642885336,mbxsiz
827978772,fawb
673184991,ooght
1167230040,thbrzr
361664734,nsneyu
860325370,egdau
751314477,ptbqpz
559713345,tdcxnq
631174170,ifcusc
142251024,bgezfc
865727857,kuefn
91285121,hjeaat
384786842,jtfhnt
45670796,vccxm
640314621,rkqezz
940562627,rvwff
429271251,lisq
898540,cjkb
443129790,amumx
1122780099,ywkxhj
28542343,bflv
78536818,eivr
1095515941,exjjcw
972356526,tufubs
315897734,pjls
1117957812,lkles
957504731,xcxckv
935526543,njlgu
684865436,xsza
381883843,pmkrx
957727035,ltfa
140715936,hmwked
332821804,kzdb
427897829,weue
1156472673,dsid
233571781,pnuhgd
484166159,hazi
602460832,jhnqk
427299685,awct
41455648,utgkn
996185641,eeaopz
977473371,yzcxt
94366477,vwyude
694710548,uqiijb
1085539761,eyfo
895083893,xpvp
71531847,ykakqk
1119515174,ukwa
724789344,apzvw
1194747067,miwkgz
471889054,yofx
708097765,gpvvp
817967856,tsuj
1187841915,zttax
789634416,egtkc
756268068,sbpdz
981401292,dpxx
921189747,gmtfq
1163444940,wfnfe
730696222,vcbkf
917768248,tvuchh
1056432085,rzqd
700125449,vigarw
1148235482,iwcvh
238374301,qokhyi
224070157,jnfl
220650593,befz
1053561200,gvne
216070756,gmlo
1166987091,fzvv
195994131,kjbx
294462223,suhn
625053741,lril
987653157,fbtqe
145962758,bbxy
527096224,afyf
1064545003,uxmr
888492071,wcjtu
411522121,ovtdn
851369899,lhryvx
595159906,sapel
457625184,qmkq
809444611,zhxm
266421481,xkpbco
301093339,dmtf
438650633,jnmfai
318950830,tzzw
986179847,cexrl
33897269,blmj
980153006,ltqrh
32070433,slotc
649294005,uitg
156886886,csvkp
57700254,fensi
1075361649,fdld
68737954,bnibv
786092416,iqjj
1097165596,siggr
45614752,gkznyh
1057106992,vvvh
120239274,ypon
807610791,unvxvu
1086596346,tkta
453065206,frtapu
912397721,bmbgpn
583472117,qzre
30739489,kdhu
1181204391,vqhdvb
254409811,fojz
618508285,hvtkmi
95743282,gatf
626527614,cwlwir
1190277081,hbeo
1088004367,yiye
147824677,lmczzl
878705476,rqswrx
752744226,mdzwib
1089638783,kfqc
1174178638,cmah
89870214,ybcjdm
1070429892,dbxuh
1007374776,chcgb
306538995,qicle
1129597752,dfht
1183800722,ixjf
739286347,wmxhni
409324567,icjb
322546483,ynmyqq
895751488,btyyw
1044426122,zjrwye
112103697,uede
354959745,hwfde
118178369,snra
751726903,tsasaw
11756978,otctos
192686846,sbjlbc
1024393305,bkxrqg
879461251,qznwu
918804818,nbvka
115046798,svqd
1108992305,wcvao
634146447,fjfo
1044969050,ofuuc
484107096,betkc
504702209,shyar
1030130490,dhlvt
202955581,ocdw
1023063015,omkcd
747008340,wgvyqg
1039943658,vpqcs
537008676,ukytyx
193882410,taqm
146167619,zuoctq
821745144,uhfo
142359903,yexbx
159122794,brttd
820508557,rftnqf
265019135,ovqn
433690232,hqtjbv
681123737,wbwjx
1036005825,govo
68589978,btnz
773822740,yftulx
83263361,yajfn
522154901,csncj
646930224,afyhpb
1151125307,xturgb
492627406,plegp
167310467,lxzit
955409228,wbiy
1196932348,nycb
694653495,zmjy
892863179,jptdaq
558394181,xtmblp
671584138,iyxf
759828591,vbyz
43927882,pdrqd
266299402,rnytx
125223297,wnzfc
296398755,jicl
1096612101,aamme
440026777,dzkefj
317492545,ckgqoa
466299184,sqff
468363363,livlk
705598917,gtfiob
237607482,bwbvq
663537219,binhlo
38487669,gnebhq
993737562,poagn
98392002,bdedo
591916091,nmpsz
1114842784,ocsm
546724375,nlpbd
980810195,jlkhn
446294719,sksbme
746612611,unit
101543400,nccim
16944953,fiozkp
582512936,azrx
433207848,vnuph
1180264822,gthll
716821683,eqoly
732333861,uxro
650815645,ogivg
329105918,ukscm
830055246,lxbgo
134410508,iodjho
609331259,fjjla
276616819,souud
1135055034,afbh
918647423,qwca
1001235457,xdbr
592701659,orbmh
1037177770,uznz
160092617,rkzl
1159073487,rkiwe
816077624,juzg
724517989,ilsz
1067074939,ndbcd
991782325,tercpo
320183708,effki
278214679,iraq
776086786,exwm
151063498,xoedqz
1182633493,wlju
1126944846,icdh
129631157,dfwozf
129669373,ljmp
886364781,kzqbf
18817205,uvmknw
405369007,ohrhq
1083058759,bwtal
137833367,zobrk
840896706,qnwyce
762220556,yzkoxn
665306932,athwo
615094747,hemg
764514549,ffjutz
767486291,wnkoc
37928312,eqjszj
552472496,zcsyb
123270007,adgs
916616992,qxujfq
883426611,dwrmu
344009532,zvunj
563782805,uwptwc
1049287934,ovdzy
1141074252,znxt
454634026,rffo
1035890852,dvtz
138523566,aaka
50928512,pmtwyl
249157810,gcszy
372212105,izyya
952371173,bbqp
796837351,leidf
141949251,bkyt
578798268,dgkwwa
925150906,vzzh
1118293905,wvsoqc
121110813,sxibk
347195682,dgbn
946175819,jykwm
848704628,oaxsbc
157425534,ocrx
530649057,nbievg
752518727,bvwtrt
66237376,dxtm
1044888010,midve
438635974,mozevi
928954588,foemc
428309262,sbjg
464137340,blqvsb
871192889,zrqktx
1034983916,jnfnh
288845869,vgyy
597348389,qhmgad
513823202,ntqraw
434778631,ppjxml
1020641096,qlabx
451534875,tvgmz
493218244,vjuc
957951637,uhsk
731520152,ymkro
1031083091,oqtsny
262238871,dixve
836024903,draitx
